{
  "project_info": {
    "project_number": "905595831290",
    "project_id": "mylia-5f188",
    "storage_bucket": "mylia-5f188.firebasestorage.app"
  },
  "client": [
    {
      "client_info": {
        "mobilesdk_app_id": "1:905595831290:android:6c419d99b92655d3351a43",
        "android_client_info": {
          "package_name": "com.example.mylia"
        }
      },
      "oauth_client": [],
      "api_key": [
        {
          "current_key": "AIzaSyAqo_kFb-kd4IsOUuzwxIpSTlRRimJnIWo"
        }
      ],
      "services": {
        "appinvite_service": {
          "other_platform_oauth_client": []
        }
      }
    }
  ],
  "configuration_version": "1"
}